{
    "document": {
        "title": "Offre d’intégration de chatbot personnalisé",
        "sections": [
            {
                "title": "Introduction : L’intégration de l’IA comme levier de distinction",
                "content": "Dans un monde en constante évolution, la maîtrise des outils d’intelligence artificielle (IA) est devenue un atout essentiel pour préparer les élèves aux défis de demain. L’intégration de ces technologies dans les cursus éducatifs constitue un élément distinctif pour les établissements scolaires, leur permettant de se positionner comme des leaders en innovation pédagogique. Cette démarche vise à développer la créativité, l’autonomie et l’adaptabilité des élèves tout en offrant des outils performants aux enseignants pour accompagner cette transition."
            },
            {
                "title": "Contexte et objectifs",
                "content": "{{NOM}} vise à renforcer l’expérience utilisateur de ses élèves et à optimiser la gestion des demandes grâce à l’intégration d’un chatbot personnalisé. Cette solution permettra :\n- Une accessibilité 24/7 pour répondre aux questions des élèves.\n- Une réduction de la charge administrative pour l’équipe pédagogique.\n- Une amélioration de l’efficacité des processus internes."
            },
            {
                "title": "Proposition d’offre",
                "subsections": [
                    {
                        "title": "1. Audit initial pour personnalisation",
                        "content": "Objectif : Comprendre les besoins spécifiques de l’école afin de concevoir un chatbot adapté.\nDéroulé : Une journée d’audit sur site ou à distance avec notre équipe d’experts.\nLivrable : Cahier des charges détaillé avec recommandations.\nCoût : {{CONSEIL}} € (audit unique)."
                    },
                    {
                        "title": "2. Accès à la base de connaissances GPT",
                        "content": "Cette base de connaissances est spécialement développée pour répondre aux besoins des établissements d’enseignement et contient des réponses préconfigurées et enrichies par notre équipe.\nTarifs progressifs selon le nombre d’utilisateurs :\n- Utilisateur unique : {{BASE1}} €/an\n- Pack 10 utilisateurs : {{BASE10}} €/an (24 % de réduction)\n- Pack 50 utilisateurs : {{BASE50}} €/an (44 % de réduction)\n- Pack illimité (tous les élèves et le personnel) : {{BASE100}} €/an"
                    },
                    {
                        "title": "3. Mise en place et hébergement du chatbot",
                        "content": "Mise en place : Configuration initiale, intégration et tests.\nHébergement : Garantit un fonctionnement fluide et sécurisé.\nCoût mensuel d’hébergement : {{CHATBOT}} €/mois\nEssayez notre chatbot : https://www.chatbase.co/chatbot-iframe/jv27fqWtaLXrPcNCNNcpp"
                    },
                    {
                        "title": "4. Option d’accès à la formation illimitée AIFormPro pour enseignants",
                        "content": "Objectif : Permettre aux enseignants d’accompagner les étudiants dans leur apprentissage grâce à des formations spécialisées.\nDescription : Accès illimité à 200 sessions de formations par an couvrant 10 thèmes clés.\nCoût : {{FORMATEUR}} €/an/enseignant"
                    },
                    {
                        "title": "5. Option d’animation de formation pour élèves par un expert AIFormPro",
                        "content": "Objectif : Offrir des sessions de formation interactives et enrichissantes pour les élèves.\nDescription : Une session de 4 heures animée par un expert AIFormPro. Le nombre de participants est laissé au choix de l’école avec la possibilité de constituer des sous-groupes de travail.\nCoût : {{SESSION}} € par session"
                    }
                ]
            },
            {
                "title": "Recapitulation des prestations",
                "table": [
                    {
                        "poste": "Audit initial de personnalisation",
                        "tarif": "{{AUDIT}}",
                        "frequence": "unique"
                    },
                    {
                        "poste": "Accès à la base de connaissance X1",
                        "tarif": "{{BASE1}}",
                        "frequence": "annuel"
                    },
                    {
                        "poste": "Chatbot dédié",
                        "tarif": "{{CHATBOT}}",
                        "frequence": "mensuel"
                    },
                    {
                        "poste": "Accès à la base de connaissance X10",
                        "tarif": "{{BASE10}}",
                        "frequence": "annuel"
                    },
                    {
                        "poste": "Accès à la base de connaissance X50",
                        "tarif": "{{BASE50}}",
                        "frequence": "annuel"
                    },
                    {
                        "poste": "Accès à la base de connaissance illimité",
                        "tarif": "{{BASE100}}",
                        "frequence": "annuel"
                    },
                    {
                        "poste": "Pack formation illimité formateur",
                        "tarif": "{{FORMATEUR}}",
                        "frequence": "annuel"
                    },
                    {
                        "poste": "Session formation groupe expert",
                        "tarif": "{{SESSION}}",
                        "frequence": "ponctuel"
                    }
                ]
            },
            {
                "title": "Bénéfices pour l’école",
                "content": "Expérience utilisateur enrichie : Les élèves accèdent à des réponses rapides et précises.\nGain de temps : Réduction de la charge de travail pour l’équipe administrative.\nFlexibilité : Une solution adaptée et évolutive en fonction des besoins.\nFormation personnalisée : Accompagnement des étudiants et des enseignants grâce à des experts."
            }
        ]
    }
}